stock,omega,alpha,beta,gamma,nu
AAPL, 0.2, 0.04, 0.7999999999999999, 0.30000000000000004, 4
AMZN, 0.4, 0.04, 0.75, 0.30000000000000004, 4
AVGO, 0.4, 0.02, 0.7999999999999999, 0.2, 5
JPM, 0.2, 0.04, 0.75, 0.30000000000000004, 5
META, 0.2, 0.04, 0.8499999999999999, 0.15000000000000002, 4
MSFT, 0.2, 0.08, 0.75, 0.30000000000000004, 4
NVDA, 0.2, 0.02, 0.8999999999999999, 0.1, 4
TSLA, 0.4, 0.08, 0.8999999999999999, 0.05, 3
V, 0.2, 0.02, 0.75, 0.35000000000000003, 5